employee_id,emp_name,email_id
1,John Doe,john.doe@gmail.com
2,Jane Doe,jane.doe@gmail.com
3,Peter Pan,peter.pan@gmail.com
4,Snow White,snow.white@gmail.com
5,Mary Poppins,mary.poppins@gmail.com
6,Alice in Wonderland,alice.inwonderland@gmail.com
7,Winnie the Pooh,winnie.the.pooh@gmail.com
8,Piglet,piglet@gmail.com
9,Eeyore,eeyore@gmail.com
10,Tigger,tigger@gmail.com
11,Rabbit,rabbit@gmail.com
12,Kanga,kanga@gmail.com
13,Roo,roo@gmail.com
14,Cheshire Cat,cheshire.cat@gmail.com
15,Mad Hatter,mad hatter@gmail.com
16,Dormouse,dormouse@gmail.com
17,Queen of Hearts,queen.of.hearts@gmail.com
18,King of Hearts,king.of.hearts@gmail.com
19,Jack of Hearts,jack.of.hearts@gmail.com
20,Queen of Diamonds,queen.of.diamonds@gmail.com
21,King of Diamonds,king.of.diamonds@gmail.com
22,Jack of Diamonds,jack.of.diamonds@gmail.com
23,Queen of Clubs,queen.of.clubs@gmail.com
24,King of Clubs,king.of.clubs@gmail.com
25,Jack of Clubs,jack.of.clubs@gmail.com
26,Queen of Spades,queen.of.spades@gmail.com
27,King of Spades,king.of.spades@gmail.com
28,Jack of Spades,jack.of.spades@gmail.com